{"Mola Town": [83.0878164768219, 105.83962345123291], "Goldcherry Warehouse": [121.80736303329468, 138.21537709236145], "Port Naga": [73.48772835731506, 70.20777487754822], "Basin 21": [232.23878359794617, 202.89496898651123], "Terminus": [92.59204745292664, 143.58337020874023]}